{
  "project_info": {
    "project_number": "252982745329",
    "firebase_url": "https://new-motor-aa276-default-rtdb.firebaseio.com",
    "project_id": "new-motor-aa276",
    "storage_bucket": "new-motor-aa276.appspot.com"
  },
  "client": [
    {
      "client_info": {
        "mobilesdk_app_id": "1:252982745329:android:3437356850de8c3a53f150",
        "android_client_info": {
          "package_name": "com.example.motormanagementcummins"
        }
      },
      "oauth_client": [],
      "api_key": [
        {
          "current_key": "AIzaSyA0OuQtjCDRu9GxbTkWaqi6hXpl6DTkaKk"
        }
      ],
      "services": {
        "appinvite_service": {
          "other_platform_oauth_client": []
        }
      }
    }
  ],
  "configuration_version": "1"
}